CustomerID,Genre,Age,Annual Income (k$),Spending Score (1-100)
0001,Male,19,15,39
0002,Male,21,15,81
0003,Female,20,16,6
0004,Female,23,16,77
0005,Female,31,17,40
0006,Female,22,17,76
0007,Female,35,18,6
0008,Female,23,18,94
0009,Male,64,19,3
0010,Female,30,19,72
0011,Male,67,19,14
0012,Female,35,19,99
0013,Female,58,20,15
0014,Female,24,20,77
0015,Male,41,20,13
0016,Male,22,20,79
0017,Female,35,21,35
0018,Male,20,21,66
0019,Male,52,23,29
0020,Female,35,23,98
0021,Male,35,24,35
0022,Male,25,24,73
0023,Female,46,25,5
0024,Male,31,25,73
0025,Female,54,28,14
0026,Male,29,28,82
0027,Female,45,28,32
0028,Male,35,28,61
0029,Female,40,29,31
0030,Female,23,29,87
0031,Male,60,30,4
0032,Female,21,30,73
0033,Male,53,33,4
0034,Male,18,33,92
0035,Female,49,33,14
0036,Female,21,33,81
0037,Female,42,34,17
0038,Female,30,34,73
0039,Female,36,37,26
0040,Female,20,37,75
0041,Female,65,38,35
0042,Male,24,38,92
0043,Male,48,39,36
0044,Female,31,39,61
0045,Female,49,39,28
0046,Female,24,39,65
0047,Female,50,40,55
0048,Female,27,40,47
0049,Female,29,40,42
0050,Female,31,40,42
0051,Female,49,42,52
0052,Male,33,42,60
0053,Female,31,43,54
0054,Male,59,43,60
0055,Female,50,43,45
0056,Male,47,43,41
0057,Female,51,44,50
0058,Male,69,44,46
0059,Female,27,46,51
0060,Male,53,46,46
0061,Male,70,46,56
0062,Male,19,46,55
0063,Female,67,47,52
0064,Female,54,47,59
0065,Male,63,48,51
0066,Male,18,48,59
0067,Female,43,48,50
0068,Female,68,48,48
0069,Male,19,48,59
0070,Female,32,48,47
0071,Male,70,49,55
0072,Female,47,49,42
0073,Female,60,50,49
0074,Female,60,50,56
0075,Male,59,54,47
0076,Male,26,54,54
0077,Female,45,54,53
0078,Male,40,54,48
0079,Female,23,54,52
0080,Female,49,54,42
0081,Male,57,54,51
0082,Male,22,54,55
0083,Male,67,54,41
0084,Female,46,54,44
0085,Female,21,54,57
0086,Male,48,54,46
0087,Female,55,57,58
0088,Female,22,57,55
0089,Female,34,58,60
0090,Female,50,58,46
0091,Female,68,59,55
0092,Male,18,59,41
0093,Male,48,60,49
0094,Female,40,60,40
0095,Female,32,60,42
0096,Male,24,60,52
0097,Female,47,60,47
0098,Female,27,60,50
0099,Male,48,61,42
0100,Male,20,61,49
0101,Female,23,62,41
0102,Female,49,62,48
0103,Male,67,62,59
0104,Male,26,62,55
0105,Male,49,62,56
0106,Female,21,62,42
0107,Female,66,63,50
0108,Male,54,63,46
0109,Male,68,63,43
0110,Male,66,63,48
0111,Male,65,63,52
0112,Female,19,63,54
0113,Female,21,64,42
0114,Male,19,64,46
0115,Female,18,65,48
0116,Female,19,65,50
0117,Female,63,65,43
0118,Female,49,65,59
0119,Female,51,67,43
0120,Female,50,67,57
0121,Male,27,67,56
0122,Female,45,67,40
0123,Female,40,69,58
0124,Male,39,69,91
0125,Female,23,70,29
0126,Female,31,70,77
0127,Male,43,71,35
0128,Male,40,71,95
0129,Male,59,71,11
0130,Male,46,71,75
0131,Male,47,71,9
0132,Male,39,71,75
0133,Female,25,72,34
0134,Female,31,72,71
0135,Male,20,73,5
0136,Female,29,73,88
0137,Female,44,73,7
0138,Male,32,73,73
0139,Male,19,74,10
0140,Female,35,74,72
0141,Female,57,75,5
0142,Male,32,75,93
0143,Female,28,76,40
0144,Female,32,76,87
0145,Male,25,77,12
0146,Male,28,77,97
0147,Male,48,77,36
0148,Female,32,77,74
0149,Female,34,78,22
0150,Male,34,78,90
0151,Male,43,78,17
0152,Male,39,78,88
0153,Female,44,78,20
0154,Female,21,78,76
0155,Female,47,78,16
0156,Female,27,78,89
0157,Male,37,78,1
0158,Female,30,78,78
0159,Male,34,78,1
0160,Female,30,78,73
0161,Female,56,79,35
0162,Female,29,79,83
0163,Male,19,81,5
0164,Female,31,81,93
0165,Male,50,85,26
0166,Female,36,85,75
0167,Male,42,86,20
0168,Female,33,86,95
0169,Female,36,87,27
0170,Male,32,87,63
0171,Male,40,87,13
0172,Male,28,87,75
0173,Male,36,87,10
0174,Male,36,87,92
0175,Female,52,88,13
0176,Female,30,88,86
0177,Male,58,88,15
0178,Male,27,88,69
0179,Male,59,93,14
0180,Male,35,93,90
0181,Female,37,97,32
0182,Female,32,97,86
0183,Male,46,98,15
0184,Female,29,98,88
0185,Female,41,99,39
0186,Male,30,99,97
0187,Female,54,101,24
0188,Male,28,101,68
0189,Female,41,103,17
0190,Female,36,103,85
0191,Female,34,103,23
0192,Female,32,103,69
0193,Male,33,113,8
0194,Female,26,113,91
0195,Female,47,120,16
0196,Female,35,120,79
0197,Female,45,126,28
0198,Male,32,126,74
0199,Male,32,137,18
0200,Male,30,137,83
0201,Female,43,13,8
0202,Female,40,13,7
0203,Male,59,13,10
0204,Male,23,13,12
0205,Female,47,14,14
0206,Female,39,14,12
0207,Female,25,14,11
0208,Male,31,14,10
0209,Female,35,14,8
0210,Female,46,14,9
0211,Female,41,15,10
0212,Female,36,15,11
0213,Male,56,15,9
0214,Male,20,15,7
0215,Male,41,15,8
0216,Female,34,15,9
0217,Female,34,16,11
0218,Female,39,16,10
0219,Male,19,16,12
0220,Male,46,16,8
0221,Female,40,16,7
0222,Male,31,16,9
0223,Male,54,16,11
0224,Female,29,17,9
0225,Female,35,17,8
0226,Male,37,17,10
0227,Female,32,17,11
0228,Female,46,17,10
0229,Female,29,17,9
0230,Male,41,17,12
0231,Female,30,17,10
0232,Female,54,18,8
0233,Female,28,18,11
0234,Male,41,18,9
0235,Male,36,18,10
0236,Male,34,18,11
0237,Male,32,18,9
0238,Female,33,18,7
0239,Female,60,18,8
0240,Male,47,19,10
0241,Female,35,19,9
0242,Female,45,19,7
0243,Male,32,19,8
0244,Female,32,19,11
0245,Female,30,19,9
0246,Female,35,19,10
0247,Male,42,19,12
0248,Male,32,20,8
0249,Female,30,20,10
0250,Female,36,20,9
0251,Male,45,20,7
0252,Female,41,20,11
0253,Male,36,20,9
0254,Male,34,20,10
0255,Male,32,20,8
0256,Female,33,21,11
0257,Female,26,21,9
0258,Male,47,21,8
0259,Male,35,21,10
0260,Female,45,21,12
0261,Male,32,21,9
0262,Male,32,21,7
0263,Female,26,21,8
0264,Female,37,22,10
0265,Female,31,22,9
0266,Male,40,22,11
0267,Male,34,22,10
0268,Male,32,22,8
0269,Female,35,23,9
0270,Female,48,23,10
0271,Male,36,23,11
0272,Male,48,23,9
0273,Male,37,23,10
0274,Female,43,23,8
0275,Female,37,23,10
0276,Male,32,24,11
0277,Male,43,24,10
0278,Male,47,24,9
0279,Female,35,24,8
0280,Female,33,24,10
0281,Female,36,25,11
0282,Female,37,25,9
0283,Female,32,25,10
0284,Female,40,25,8
0285,Female,36,25,10
0286,Male,39,26,11
0287,Male,40,26,9
0288,Male,31,26,10
0289,Female,41,26,11
0290,Female,36,26,10
0291,Female,37,26,8
0292,Male,40,27,9
0293,Male,35,27,11
0294,Male,40,27,10
0295,Female,34,28,8
0296,Female,36,28,10
0297,Female,43,28,9
0298,Female,36,28,11
0299,Male,33,28,10
0300,Male,39,28,8
0301,Female,37,29,9
0302,Female,39,29,11
0303,Female,32,29,10
0304,Female,32,29,8
0305,Male,35,29,10
0306,Male,27,29,9
0307,Female,34,30,11
0308,Female,35,30,10
0309,Male,39,30,8
0310,Male,27,30,10
0311,Female,37,30,9
0312,Female,37,30,11
0313,Female,21,30,10
0314,Female,24,30,8
0315,Male,30,31,10
0316,Male,37,31,9
0317,Male,30,31,11
0318,Female,37,31,10
0319,Female,30,31,8
0320,Female,30,32,10
0321,Female,30,32,9
0322,Male,37,32,11
0323,Male,30,32,10
0324,Female,37,32,8
0325,Female,37,32,10
0326,Female,45,32,9
0327,Male,37,32,11
0328,Male,37,33,10
0329,Female,45,33,8
0330,Female,37,33,10
0331,Female,42,33,9
0332,Female,45,33,11
0333,Female,37,33,10
0334,Male,45,33,8
0335,Male,37,33,10
0336,Female,51,33,9
0337,Female,51,34,11
0338,Male,49,34,10
0339,Male,27,34,8
0340,Male,27,34,10
0341,Female,30,34,9
0342,Female,29,34,11
0343,Male,30,34,10
0344,Female,30,34,8
0345,Female,29,35,10
0346,Male,37,35,9
0347,Female,29,35,11
0348,Female,48,35,10
0349,Male,37,35,8
0350,Male,48,35,10
0351,Female,37,35,9
0352,Female,48,35,11
0353,Female,37,36,10
0354,Male,26,36,8
0355,Male,26,36,10
0356,Female,27,36,9
0357,Female,27,36,11
0358,Male,37,36,10
0359,Female,27,36,8
0360,Female,47,37,10
0361,Male,49,37,9
0362,Male,55,37,11
0363,Female,51,37,10
0364,Female,56,37,8
0365,Female,52,37,10
0366,Female,56,37,9
0367,Male,55,37,11
0368,Male,23,38,10
0369,Female,31,38,8
0370,Female,29,38,10
0371,Female,47,38,9
0372,Female,47,38,11
0373,Female,47,38,10
0374,Male,47,38,8
0375,Male,45,38,10
0376,Female,45,38,9
0377,Female,45,39,11
0378,Female,45,39,10
0379,Male,45,39,8
0380,Male,50,39,10
0381,Female,52,39,9
0382,Female,50,39,11
0383,Female,52,39,10
0384,Female,50,39,8
0385,Male,52,40,10
0386,Male,52,40,9
0387,Female,27,40,11
0388,Female,27,40,10
0389,Male,27,40,8
0390,Male,27,40,10
0391,Female,27,40,9
0392,Female,20,40,11
0393,Female,25,41,10
0394,Male,27,41,8
0395,Male,26,41,10
0396,Female,29,41,9
0397,Female,24,41,11
0398,Male,28,41,10
0399,Female,30,41,8
0400,Female,23,41,10
0401,Male,29,42,9
0402,Female,28,42,11
0403,Female,25,42,10
0404,Male,30,42,8
0405,Male,24,42,10
0406,Female,27,42,9
0407,Female,26,42,11
0408,Female,23,43,10
0409,Male,30,43,8
0410,Male,27,43,10
0411,Female,25,43,9
0412,Female,28,43,11
0413,Male,29,43,10
0414,Female,24,43,8
0415,Female,30,43,10
0416,Female,29,44,9
0417,Female,24,44,11
0418,Male,28,44,10
0419,Female,27,44,8
0420,Male,30,44,10
0421,Female,25,44,9
0422,Female,26,44,11
0423,Male,23,45,10
0424,Female,28,45,8
0425,Male,25,45,10
0426,Female,29,45,9
0427,Female,24,45,11
0428,Male,30,45,10
0429,Female,26,45,8
0430,Female,27,45,10
0431,Male,23,46,9
0432,Male,26,46,11
0433,Female,29,46,10
0434,Female,24,46,8
0435,Male,28,46,10
0436,Female,30,46,9
0437,Female,25,46,11
0438,Male,27,46,10
0439,Female,23,47,8
0440,Male,30,47,10
0441,Female,26,47,9
0442,Female,29,47,11
0443,Male,24,47,10
0444,Female,28,47,8
0445,Male,25,47,10
0446,Female,23,48,9
0447,Female,30,48,11
0448,Male,26,48,10
0449,Female,28,48,8
0450,Male,27,48,10
0451,Female,24,48,9
0452,Female,29,48,11
0453,Male,23,49,10
0454,Female,25,49,8
0455,Male,26,49,10
0456,Female,30,49,9
0457,Female,24,49,11
0458,Male,28,49,10
0459,Female,27,49,8
0460,Female,23,49,10
0461,Male,25,50,9
0462,Female,28,50,11
0463,Female,24,50,10
0464,Male,26,50,8
0465,Male,29,50,10
0466,Female,30,50,9
0467,Female,27,50,11
0468,Male,23,50,10
0469,Female,25,51,8
0470,Male,26,51,10
0471,Female,28,51,9
0472,Female,30,51,11
0473,Male,24,51,10
0474,Female,27,51,8
0475,Male,23,51,10
0476,Female,29,52,9
0477,Female,24,52,11
0478,Male,28,52,10
0479,Female,25,52,8
0480,Male,26,52,10
0481,Female,27,52,9
0482,Female,30,52,11
0483,Male,23,53,10
0484,Female,24,53,8
0485,Male,25,53,10
0486,Female,26,53,9
0487,Female,29,53,11
0488,Male,27,53,10
0489,Female,28,53,8
0490,Female,23,53,10
0491,Male,30,54,9
0492,Female,24,54,11
0493,Female,25,54,10
0494,Male,26,54,8
0495,Male,27,54,10
0496,Female,28,54,9
0497,Female,29,54,11
0498,Male,23,54,10
0499,Female,24,55,8
0500,Male,25,55,10
0501,Female,26,55,9
0502,Male,30,55,11
0503,Female,27,55,10
0504,Female,28,55,8
0505,Male,29,55,10
0506,Female,23,55,9
0507,Female,24,55,11
0508,Male,26,55,10
0509,Female,25,56,8
0510,Male,28,56,10
0511,Female,27,56,9
0512,Female,23,56,11
0513,Male,29,56,10
0514,Female,30,56,8
0515,Male,24,56,10
0516,Female,26,57,9
0517,Female,28,57,11
0518,Male,29,57,10
0519,Female,25,57,8
0520,Male,30,57,10
0521,Female,23,57,9
0522,Female,24,57,11
0523,Male,26,58,10
0524,Female,27,58,8
0525,Male,28,58,10
0526,Female,29,58,9
0527,Female,30,58,11
0528,Male,23,58,10
0529,Female,25,58,8
0530,Female,26,58,10
0531,Male,27,59,9
0532,Female,28,59,11
0533,Female,29,59,10
0534,Male,30,59,8
0535,Male,23,59,10
0536,Female,24,59,9
0537,Female,26,59,11
0538,Male,27,59,10
0539,Female,28,60,8
0540,Male,29,60,10
0541,Female,30,60,9
0542,Male,23,60,11
0543,Female,25,60,10
0544,Male,26,60,8
0545,Female,27,60,10
0546,Female,28,61,9
0547,Female,29,61,11
0548,Male,30,61,10
0549,Female,23,61,8
0550,Male,24,61,10
0551,Female,25,61,9
0552,Female,26,61,11
0553,Male,27,61,10
0554,Female,28,62,8
0555,Male,29,62,10
0556,Female,30,62,9
0557,Male,23,62,11
0558,Female,24,62,10
0559,Male,25,62,8
0560,Female,26,62,10
0561,Female,27,63,9
0562,Female,28,63,11
0563,Male,29,63,10
0564,Female,30,63,8
0565,Male,23,63,10
0566,Female,24,63,9
0567,Female,25,63,11
0568,Male,26,63,10
0569,Female,27,64,8
0570,Male,28,64,10
0571,Female,29,64,9
0572,Female,30,64,11
0573,Male,23,64,10
0574,Female,24,64,8
0575,Male,25,64,10
0576,Female,26,65,9
0577,Female,27,65,11
0578,Male,28,65,10
0579,Female,29,65,8
0580,Male,30,65,10
0581,Female,23,65,9
0582,Female,24,65,11
0583,Male,25,65,10
0584,Female,26,66,8
0585,Male,27,66,10
0586,Female,28,66,9
0587,Female,29,66,11
0588,Male,30,66,10
0589,Female,23,66,8
0590,Male,24,66,10
0591,Female,25,67,9
0592,Female,26,67,11
0593,Male,27,67,10
0594,Female,28,67,8
0595,Male,29,67,10
0596,Female,30,67,9
0597,Male,23,67,11
0598,Female,24,67,10
0599,Female,25,68,8
0600,Male,26,68,10
0601,Female,27,68,9
0602,Female,28,68,11
0603,Male,29,68,10
0604,Female,30,68,8
0605,Male,23,68,10
0606,Female,24,69,9
0607,Female,25,69,11
0608,Male,26,69,10
0609,Female,27,69,8
0610,Male,28,69,10
0611,Female,29,69,9
0612,Male,30,69,11
0613,Female,23,69,10
0614,Male,24,70,8
0615,Female,25,70,10
0616,Male,26,70,9
0617,Female,27,70,11
0618,Male,28,70,10
0619,Female,29,70,8
0620,Male,30,70,10
0621,Female,23,70,9
0622,Male,24,71,11
0623,Female,25,71,10
0624,Male,26,71,8
0625,Female,27,71,10
0626,Male,28,71,9
0627,Female,29,71,11
0628,Male,30,71,10
0629,Female,23,71,8
0630,Male,24,72,10
0631,Female,25,72,9
0632,Male,26,72,11
0633,Female,27,72,10
0634,Male,28,72,8
0635,Female,29,72,10
0636,Male,30,72,9
0637,Female,23,72,11
0638,Male,24,73,10
0639,Female,25,73,8
0640,Male,26,73,10
0641,Female,27,73,9
0642,Male,28,73,11
0643,Female,29,73,10
0644,Male,30,73,8
0645,Female,23,73,10
0646,Male,24,74,9
0647,Female,25,74,11
0648,Male,26,74,10
0649,Female,27,74,8
0650,Male,28,74,10
0651,Female,29,74,9
0652,Male,30,74,11
0653,Female,23,74,10
0654,Male,24,75,8
0655,Female,25,75,10
0656,Male,26,75,9
0657,Female,27,75,11
0658,Male,28,75,10
0659,Female,29,75,8
0660,Male,30,75,10
0651,Female,23,75,9
0662,Male,24,76,11
0663,Female,25,76,10
0664,Male,26,76,8
0665,Female,27,76,10
0666,Male,28,76,9
0667,Female,37,76,11
0668,Male,38,76,10
0669,Female,37,77,8
0670,Male,38,77,10
0671,Female,37,77,9
0672,Female,38,77,11
0673,Male,37,77,10
0674,Female,38,77,8
0675,Male,37,77,10
0676,Female,37,78,9
0677,Female,38,78,11
0678,Male,37,78,10
0679,Female,38,78,8
0680,Male,37,78,10
0681,Female,38,78,9
0682,Female,37,78,11
0683,Male,38,78,10
0684,Female,37,79,8
0685,Male,38,79,10
0686,Female,37,79,9
0687,Female,38,79,11
0688,Male,37,79,10
0689,Female,38,79,8
0690,Male,37,79,10
0691,Female,37,80,9
0692,Female,38,80,11
0693,Male,37,80,10
0694,Female,38,80,8
0695,Male,37,80,10
0696,Female,38,80,9
0697,Female,37,80,11
0698,Male,38,80,10
0699,Female,37,81,8
0700,Male,38,81,10
0201,Female,25,45,65
0202,Female,30,60,45
0203,Male,40,70,30
0204,Female,35,55,75
0205,Female,22,40,85
0206,Male,45,80,20
0207,Female,28,50,60
0208,Female,38,65,70
0209,Male,50,90,25
0210,Male,60,100,15
0211,Female,18,20,80
0212,Female,27,45,55
0213,Male,32,70,35
0214,Female,33,80,40
0215,Female,26,55,70
0216,Male,48,95,20
0217,Female,29,50,65
0218,Female,31,60,50
0219,Male,55,110,10
0220,Female,20,25,85
0221,Female,21,30,80
0222,Male,37,75,45
0223,Male,43,85,35
0224,Female,24,40,75
0225,Male,42,80,30
0226,Female,23,35,80
0227,Female,34,65,55
0228,Male,49,100,25
0229,Male,57,120,15
0230,Female,19,22,85
0231,Female,36,70,50
0232,Male,41,90,30
0233,Female,29,55,70
0234,Female,28,50,65
0235,Male,39,80,40
0236,Female,32,65,55
0237,Male,47,95,20
0238,Male,50,100,15
0239,Female,24,30,75
0240,Female,25,35,70
0241,Male,37,75,45
0242,Male,43,85,35
0243,Female,22,40,75
0244,Male,42,80,30
0245,Female,23,35,80
0246,Female,34,65,55
0247,Male,49,100,25
0248,Male,57,120,15
0249,Female,19,22,85
0250,Female,36,70,50
0251,Male,41,90,30
0252,Female,29,55,70
0253,Female,28,50,65
0254,Male,39,80,40
0255,Female,32,65,55
0256,Male,47,95,20
0257,Male,50,100,15
0258,Female,24,30,75
0259,Female,25,35,70
0260,Male,37,75,45
0261,Male,43,85,35
0262,Female,22,40,75
0263,Male,42,80,30
0264,Female,23,35,80
0265,Female,34,65,55
0266,Male,49,100,25
0267,Male,57,120,15
0268,Female,19,22,85
0269,Female,36,70,50
0270,Male,41,90,30
0271,Female,29,55,70
0272,Female,28,50,65
0273,Male,39,80,40
0274,Female,32,65,55
0275,Male,47,95,20
0276,Male,50,100,15
0277,Female,24,30,75
0278,Female,25,35,70
0279,Male,37,75,45
0280,Male,43,85,35
0281,Female,22,40,75
0282,Male,42,80,30
0283,Female,23,35,80
0284,Female,34,65,55
0285,Male,49,100,25
0286,Male,57,120,15
0287,Female,19,22,85
0288,Female,36,70,50
0289,Male,41,90,30
0290,Female,29,55,70
0291,Female,28,50,65
0292,Male,39,80,40
0293,Female,32,65,55
0294,Male,47,95,20
0295,Male,50,100,15
0296,Female,24,30,75
0297,Female,25,35,70
0298,Male,37,75,45
0299,Male,43,85,35
0300,Female,22,40,75
0301,Male,42,80,30
0302,Female,23,35,80
0303,Female,34,65,55
0304,Male,49,100,25
0305,Male,57,120,15
0306,Female,19,22,85
0307,Female,36,70,50
0308,Male,41,90,30
0309,Female,29,55,70
0310,Female,28,50,65
0311,Male,39,80,40
0312,Female,32,65,55
0313,Male,47,95,20
0314,Male,50,100,15
0315,Female,24,30,75
0316,Female,25,35,70
0317,Male,37,75,45
0318,Male,43,85,35
0319,Female,22,40,75
0320,Male,42,80,30
0321,Female,23,35,80
0322,Female,34,65,55
0323,Male,49,100,25
0324,Male,57,120,15
0325,Female,19,22,85
0326,Female,36,70,50
0327,Male,41,90,30
0328,Female,29,55,70
0329,Female,28,50,65
0330,Male,39,80,40
0331,Female,32,65,55
0332,Male,47,95,20
0333,Male,50,100,15
0334,Female,24,30,75
0335,Female,25,35,70
0336,Male,37,75,45
0337,Male,43,85,35
0338,Female,22,40,75
0339,Male,42,80,30
0340,Female,23,35,80
0341,Female,34,65,55
0342,Male,49,100,25
0343,Male,57,120,15
0344,Female,19,22,85
0345,Female,36,70,50
0346,Male,41,90,30
0347,Female,29,55,70
0348,Female,28,50,65
0349,Male,39,80,40
0350,Female,32,65,55
0351,Male,20,40,60
0352,Female,25,60,45
0353,Female,35,70,30
0354,Male,45,80,40
0355,Female,22,45,70
0356,Male,50,90,35
0357,Female,28,55,50
0358,Female,38,65,55
0359,Male,60,100,25
0360,Female,18,30,80
0361,Female,27,50,60
0362,Male,32,75,45
0363,Female,33,85,40
0364,Male,26,60,65
0365,Female,48,95,30
0366,Female,29,55,55
0367,Female,31,65,50
0368,Male,55,110,20
0369,Female,21,35,75
0370,Female,20,30,80
0371,Male,37,80,45
0372,Male,43,90,35
0373,Female,24,45,70
0374,Male,42,85,30
0375,Female,23,40,75
0376,Female,34,70,55
0377,Male,49,100,25
0378,Male,57,120,15
0379,Female,19,25,85
0380,Female,36,75,50
0381,Male,41,95,30
0382,Female,29,60,70
0383,Female,28,55,65
0384,Male,39,85,40
0385,Female,32,70,60
0386,Male,47,105,25
0387,Male,50,110,20
0388,Female,24,35,75
0389,Female,25,40,70
0390,Male,37,80,45
0391,Male,43,90,35
0392,Female,22,45,70
0393,Male,42,85,30
0394,Female,23,40,75
0395,Female,34,70,55
0396,Male,49,100,25
0397,Male,57,120,15
0398,Female,19,25,85
0399,Female,36,75,50
0400,Male,41,95,30
0401,Female,29,60,70
0402,Female,28,55,65
0403,Male,39,85,40
0404,Female,32,70,60
0405,Male,47,105,25
0406,Male,50,110,20
0407,Female,24,35,75
0408,Female,25,40,70
0409,Male,37,80,45
0410,Male,43,90,35
0411,Female,22,45,70
0412,Male,42,85,30
0413,Female,23,40,75
0414,Female,34,70,55
0415,Male,49,100,25
0416,Male,57,120,15
0417,Female,19,25,85
0418,Female,36,75,50
0419,Male,41,95,30
0420,Female,29,60,70
0421,Female,28,55,65
0422,Male,39,85,40
0423,Female,32,70,60
0424,Male,47,105,25
0425,Male,50,110,20
0426,Female,24,35,75
0427,Female,25,40,70
0428,Male,37,80,45
0429,Male,43,90,35
0430,Female,22,45,70
0431,Male,42,85,30
0432,Female,23,40,75
0433,Female,34,70,55
0434,Male,49,100,25
0435,Male,57,120,15
0436,Female,19,25,85
0437,Female,36,75,50
0438,Male,41,95,30
0439,Female,29,60,70
0440,Female,28,55,65
0441,Male,39,85,40
0442,Female,32,70,60
0443,Male,47,105,25
0444,Male,50,110,20
0445,Female,24,35,75
0446,Female,25,40,70
0447,Male,37,80,45
0448,Male,43,90,35
0449,Female,22,45,70
0450,Male,42,85,30
0451,Female,20,45,65
0452,Male,25,60,50
0453,Female,35,70,35
0454,Male,45,80,45
0455,Female,22,50,60
0456,Male,50,90,40
0457,Female,28,55,55
0458,Female,38,65,50
0459,Male,60,100,30
0460,Female,18,30,75
0461,Female,27,50,55
0462,Male,32,75,40
0463,Female,33,85,35
0464,Male,26,60,60
0465,Female,48,95,35
0466,Female,29,55,60
0467,Female,31,65,50
0468,Male,55,110,25
0469,Female,21,35,80
0470,Female,20,30,85
0471,Male,37,80,45
0472,Male,43,90,40
0473,Female,24,45,65
0474,Male,42,85,35
0475,Female,23,40,70
0476,Female,34,70,55
0477,Male,49,100,30
0478,Male,57,120,20
0479,Female,19,25,90
0480,Female,36,75,55
0481,Male,41,95,40
0482,Female,29,60,65
0483,Female,28,55,60
0484,Male,39,85,35
0485,Female,32,70,50
0486,Male,47,105,25
0487,Male,50,110,20
0488,Female,24,35,75
0489,Female,25,40,70
0490,Male,37,80,45
0491,Male,43,90,40
0492,Female,22,45,65
0493,Male,42,85,35
0494,Female,23,40,70
0495,Female,34,70,55
0496,Male,49,100,30
0497,Male,57,120,20
0498,Female,19,25,90
0499,Female,36,75,55
0500,Male,41,95,40
0501,Female,29,60,65
0502,Female,28,55,60
0503,Male,39,85,35
0504,Female,32,70,50
0505,Male,47,105,25
0506,Male,50,110,20
0507,Female,24,35,75
0508,Female,25,40,70
0509,Male,37,80,45
0510,Male,43,90,40
0511,Female,22,45,65
0512,Male,42,85,35
0513,Female,23,40,70
0514,Female,34,70,55
0515,Male,49,100,30
0516,Male,57,120,20
0517,Female,19,25,90
0518,Female,36,75,55
0519,Male,41,95,40
0520,Female,29,60,65
0521,Female,28,55,60
0522,Male,39,85,35
0523,Female,32,70,50
0524,Male,47,105,25
0525,Male,50,110,20
0526,Female,24,35,75
0527,Female,25,40,70
0528,Male,37,80,45
0529,Male,43,90,40
0530,Female,22,45,65
0531,Male,42,85,35
0532,Female,23,40,70
0533,Female,34,70,55
0534,Male,49,100,30
0535,Male,57,120,20
0536,Female,19,25,90
0537,Female,36,75,55
0538,Male,41,95,40
0539,Female,29,60,65
0540,Female,28,55,60
0541,Male,39,85,35
0542,Female,32,70,50
0543,Male,47,105,25
0544,Male,50,110,20
0545,Female,24,35,75
0546,Female,25,40,70
0547,Male,37,80,45
0548,Male,43,90,40
0549,Female,22,45,65
0550,Male,42,85,35
0551,Female,20,45,65
0552,Male,25,60,50
0553,Female,35,70,35
0554,Male,45,80,45
0555,Female,22,50,60
0556,Male,50,90,40
0557,Female,28,55,55
0558,Female,38,65,50
0559,Male,60,100,30
0560,Female,18,30,75
0561,Female,27,50,55
0562,Male,32,75,40
0563,Female,33,85,35
0564,Male,26,60,60
0565,Female,48,95,35
0566,Female,29,55,60
0567,Female,31,65,50
0568,Male,55,110,25
0569,Female,21,35,80
0570,Female,20,30,85
0571,Male,37,80,45
0572,Male,43,90,40
0573,Female,24,45,65
0574,Male,42,85,35
0575,Female,23,40,70
0576,Female,34,70,55
0577,Male,49,100,30
0578,Male,57,120,20
0579,Female,19,25,90
0580,Female,36,75,55
0581,Male,41,95,40
0582,Female,29,60,65
0583,Female,28,55,60
0584,Male,39,85,35
0585,Female,32,70,50
0586,Male,47,105,25
0587,Male,50,110,20
0588,Female,24,35,75
0589,Female,25,40,70
0590,Male,37,80,45
0591,Male,43,90,40
0592,Female,22,45,65
0593,Male,42,85,35
0594,Female,23,40,70
0595,Female,34,70,55
0596,Male,49,100,30
0597,Male,57,120,20
0598,Female,19,25,90
0599,Female,36,75,55
0600,Male,41,95,40
0601,Female,29,60,65
0602,Female,28,55,60
0603,Male,39,85,35
0604,Female,32,70,50
0605,Male,47,105,25
0606,Male,50,110,20
0607,Female,24,35,75
0608,Female,25,40,70
0609,Male,37,80,45
0610,Male,43,90,40
0611,Female,22,45,65
0612,Male,42,85,35
0613,Female,23,40,70
0614,Female,34,70,55
0615,Male,49,100,30
0616,Male,57,120,20
0617,Female,19,25,90
0618,Female,36,75,55
0619,Male,41,95,40
0620,Female,29,60,65
0621,Female,28,55,60
0622,Male,39,85,35
0623,Female,32,70,50
0624,Male,47,105,25
0625,Male,50,110,20
0626,Female,24,35,75
0627,Female,25,40,70
0628,Male,37,80,45
0629,Male,43,90,40
0630,Female,22,45,65
0631,Male,42,85,35
0632,Female,23,40,70
0633,Female,34,70,55
0634,Male,49,100,30
0635,Male,57,120,20
0636,Female,19,25,90
0637,Female,36,75,55
0638,Male,41,95,40
0639,Female,29,60,65
0640,Female,28,55,60
0641,Male,39,85,35
0642,Female,32,70,50
0643,Male,47,105,25
0644,Male,50,110,20
0645,Female,24,35,75
0646,Female,25,40,70
0647,Male,52,80,45
0648,Male,49,90,40
0649,Female,48,45,65
0650,Male,47,85,35
0651,Female,51,40,70
0652,Female,45,70,55
0653,Male,50,100,30
0654,Male,43,120,20
0655,Female,44,25,90
0656,Female,43,75,55
0657,Male,52,95,40
0658,Female,46,60,65
0659,Female,48,55,60
0660,Male,46,85,35
0661,Female,47,70,50
0662,Male,45,105,25
0663,Male,51,110,20
0664,Female,50,35,75
0665,Female,44,40,70
0666,Male,49,80,45
0667,Male,47,90,40
0668,Female,47,45,65
0669,Male,48,85,35
0670,Female,50,40,70
0671,Female,45,70,55
0672,Male,51,100,30
0673,Male,49,120,20
0674,Female,50,25,90
0675,Female,49,75,55
0676,Male,46,95,40
0677,Female,51,60,65
0678,Female,51,55,60
0679,Male,47,85,35
0680,Female,52,70,50
0681,Male,47,105,25
0682,Male,43,110,20
0683,Female,47,35,75
0684,Female,44,40,70
0685,Male,43,80,45
0686,Male,50,90,40
0687,Female,43,45,65
0688,Male,45,85,35
0689,Female,50,40,70
0690,Female,44,70,55
0691,Male,48,100,30
0692,Male,48,120,20
0693,Female,45,25,90
0694,Female,45,75,55
0695,Male,51,95,40
0696,Female,48,60,65
0697,Female,51,55,60
0698,Male,52,85,35
0699,Female,47,70,50
0700,Male,46,105,25
0701,Female,46,45,65
0702,Female,46,60,50
0703,Female,45,70,35
0704,Male,43,80,45
0705,Female,50,50,60
0706,Male,44,90,40
0707,Female,50,55,55
0708,Female,49,65,50
0709,Male,43,100,30
0710,Female,47,30,75
0711,Female,45,50,55
0712,Male,51,75,40
0713,Female,44,85,35
0714,Male,45,60,60
0715,Female,47,95,35
0716,Female,45,55,60
0717,Female,46,65,50
0718,Male,43,110,25
0719,Female,50,35,80
0720,Female,45,30,85
0721,Male,44,80,45
0722,Male,45,90,40
0723,Female,44,45,65
0724,Male,48,85,35
0725,Female,50,40,70
0726,Female,44,70,55
0727,Male,50,100,30
0728,Male,50,120,20
0729,Female,49,25,90
0730,Female,48,75,55
0731,Male,46,95,40
0732,Female,44,60,65
0733,Female,47,55,60
0734,Male,45,85,35
0735,Female,46,70,50
0736,Male,50,105,25
0737,Male,47,110,20
0738,Female,46,35,75
0739,Female,50,40,70
0740,Male,49,80,45
0741,Male,50,90,40
0742,Female,44,45,65
0743,Male,45,85,35
0744,Female,46,40,70
0745,Female,46,70,55
0746,Male,47,100,30
0747,Male,51,120,20
0748,Female,50,25,90
0749,Female,45,75,55
0750,Male,45,95,40
0751,Female,47,60,65
0752,Female,47,55,60
0753,Male,50,85,35
0754,Female,44,70,50
0755,Male,45,105,25
0756,Male,43,110,20
0757,Female,48,35,75
0758,Female,49,40,70
0759,Male,47,80,45
0760,Male,48,90,40
0761,Female,47,45,65
0762,Male,46,85,35
0763,Female,47,40,70
0764,Female,44,70,55
0765,Male,44,100,30
0766,Male,47,120,20
0767,Female,44,25,90
0768,Female,45,75,55
0769,Male,45,95,40
0770,Female,46,60,65
0771,Female,47,55,60
0772,Male,49,85,35
0773,Female,47,70,50
0774,Male,46,105,25
0775,Male,43,110,20
0776,Female,46,35,75
0777,Female,47,40,70
0778,Male,44,80,45
0779,Male,44,90,40
0780,Female,45,45,65
0781,Male,44,85,35
0782,Female,47,40,70
0783,Female,49,70,55
0784,Male,50,100,30
0785,Male,48,120,20
0786,Female,44,25,90
0787,Female,47,75,55
0788,Male,45,95,40
0789,Female,44,60,65
0790,Female,46,55,60
0791,Male,45,85,35
0792,Female,44,70,50
0793,Male,46,105,25
0794,Male,47,110,20
0795,Female,48,35,75
0796,Female,49,40,70
0797,Male,45,80,45
0798,Male,44,90,40
0799,Female,46,45,65
0800,Male,45,85,35
0801,Female,47,40,70
0802,Female,49,70,55
0803,Male,50,100,30
0804,Male,48,120,20
0805,Female,44,25,90
0806,Female,47,75,55
0807,Male,45,95,40
0808,Female,44,60,65
0809,Female,46,55,60
0810,Male,45,85,35
0811,Female,44,70,50
0812,Male,46,105,25
0813,Male,47,110,20
0814,Female,48,35,75
0815,Female,49,40,70
0816,Male,45,80,45
0817,Male,44,90,40
0818,Female,46,45,65
0819,Male,45,85,35
0820,Female,47,40,70
0821,Female,49,70,55
0822,Male,50,100,30
0823,Male,48,120,20
0824,Female,44,25,90
0825,Female,47,75,55
0826,Male,45,95,40
0827,Female,44,60,65
0828,Female,46,55,60
0829,Male,45,85,35
0830,Female,44,70,50
0831,Male,46,105,25
0832,Male,47,110,20
0833,Female,48,35,75
0834,Female,49,40,70
0835,Male,45,80,45
0836,Male,44,90,40
0837,Female,46,45,65
0838,Male,45,85,35
0839,Female,47,40,70
0840,Female,49,70,55
0841,Male,50,100,30
0842,Male,48,120,20
0843,Female,44,25,90
0844,Female,47,75,55
0845,Male,45,95,40
0846,Female,44,60,65
0847,Female,46,55,60
0848,Male,45,85,35
0849,Female,44,70,50
0850,Male,46,105,25
0851,Male,47,110,20
0852,Female,48,35,75
0853,Female,49,40,70
0854,Male,45,80,45
0855,Male,44,90,40
0856,Female,46,45,65
0857,Male,45,85,35
0858,Female,47,40,70
0859,Female,49,70,55
0860,Male,50,100,30
0861,Male,48,120,20
0862,Female,44,25,90
0863,Female,47,75,55
0864,Male,45,95,40
0865,Female,44,60,65
0866,Female,46,55,60
0867,Male,45,85,35
0868,Female,44,70,50
0869,Male,46,105,25
0870,Male,47,110,20
0871,Female,48,35,75
0872,Female,49,40,70
0873,Male,45,80,45
0874,Male,44,90,40
0875,Female,46,45,65
0876,Male,45,85,35
0877,Female,47,40,70
0878,Female,49,70,55
0879,Male,50,100,30
0880,Male,48,120,20
0881,Female,44,25,90
0882,Female,47,75,55
0883,Male,45,95,40
0884,Female,44,60,65
0885,Female,46,55,60
0886,Male,45,85,35
0887,Female,44,70,50
0888,Male,46,105,25
0889,Male,47,110,20
0890,Female,48,35,75
0891,Female,49,40,70
0892,Male,45,80,45
0893,Male,44,90,40
0894,Female,46,45,65
0895,Male,45,85,35
0896,Female,47,40,70
0897,Female,49,70,55
0898,Male,50,100,30
0899,Male,48,120,20
0900,Female,44,25,90
0901,Female,47,75,55
0902,Male,45,95,40
0903,Female,44,60,65
0904,Female,46,55,60
0905,Male,45,85,35
0906,Female,44,70,50
0907,Male,46,105,25
0908,Male,47,110,20
0909,Female,48,35,75
0910,Female,49,40,70
0911,Male,45,80,45
0912,Male,44,90,40
0913,Female,46,45,65
0914,Male,45,85,35
0915,Female,48,95,35
0916,Female,29,55,60
0917,Female,31,65,50
0918,Male,55,110,25
0919,Female,21,35,80
0920,Female,20,30,85
0921,Male,22,80,45
0922,Male,43,90,40
0923,Female,24,45,65
0924,Male,42,85,35
0925,Female,23,40,70
0926,Female,34,70,55
0927,Male,49,100,30
0928,Male,57,120,20
0929,Female,19,25,90
0930,Female,36,75,55
0931,Male,41,95,40
0932,Female,29,60,65
0933,Female,28,55,60
0934,Male,39,85,35
0935,Female,32,70,50
0936,Male,47,105,25
0937,Male,50,110,20
0938,Female,24,35,75
0939,Female,25,40,70
0940,Male,21,80,45
0941,Male,43,90,40
0942,Female,22,45,65
0943,Male,42,85,35
0944,Female,23,40,70
0945,Female,34,70,55
0946,Male,49,100,30
0947,Male,57,120,20
0948,Female,19,25,90
0949,Female,36,75,55
0950,Male,41,95,40
0951,Female,29,60,65
0952,Female,28,55,60
0953,Male,39,85,35
0954,Female,32,70,50
0955,Male,47,105,25
0956,Male,50,110,20
0957,Female,24,35,75
0958,Female,25,40,70
0959,Male,26,80,45
0960,Male,43,90,40
0961,Female,22,45,65
0962,Male,42,85,35
0963,Female,23,40,70
0964,Female,34,70,55
0965,Male,49,100,30
0966,Male,57,120,20
0967,Female,19,25,90
0968,Female,36,75,55
0969,Male,41,95,40
0970,Female,29,60,65
0971,Female,28,55,60
0972,Male,39,85,35
0973,Female,32,70,50
0974,Male,47,105,25
0975,Male,50,110,20
0976,Female,24,35,75
0977,Female,25,40,70
0978,Male,28,80,45
0979,Male,43,90,40
0980,Female,22,45,65
0981,Male,42,85,35
0982,Female,23,40,70
0983,Female,34,70,55
0984,Male,49,100,30
0985,Male,57,120,20
0986,Female,19,25,90
0987,Female,36,75,55
0988,Male,41,95,40
0989,Female,29,60,65
0990,Female,28,55,60
0991,Male,39,85,35
0992,Female,32,70,50
0993,Male,47,105,25
0994,Male,50,110,20
0995,Female,24,35,75
0996,Female,25,40,70
0997,Male,27,80,45
0998,Male,43,90,40
0999,Female,22,45,65
1000,Male,42,85,35
0701,Female,18,81,9
0702,Female,38,81,11
0703,Male,70,81,10
0704,Female,38,81,8
0705,Male,26,81,10
0706,Female,38,81,9
0707,Female,27,81,11
0708,Male,38,81,10
0709,Female,28,82,8
0710,Male,38,82,10
0711,Female,21,82,9
0712,Female,38,82,11
0713,Male,21,82,10
0714,Female,38,82,8
0715,Male,29,82,10
0716,Female,27,83,9
0717,Female,38,83,11
0718,Male,26,83,10
0719,Female,38,83,8
0720,Male,20,83,10
0721,Female,38,83,9
0722,Female,20,83,11
0723,Male,38,83,10
0724,Female,45,84,8
0725,Male,38,84,10
0726,Female,43,84,9
0727,Female,38,84,11
0728,Male,46,84,10
0729,Female,38,84,8
0730,Male,52,84,10
0731,Female,21,85,9
0732,Female,38,85,11
0733,Male,65,85,10
0734,Female,38,85,8
0735,Male,23,85,10
0736,Female,38,85,9
0737,Female,48,85,11
0738,Male,38,85,10
0739,Female,52,86,8
0740,Male,38,86,10
0741,Female,55,86,9
0742,Female,38,86,11
0743,Male,58,86,10
0744,Female,38,86,8
0745,Male,41,86,10
0746,Female,45,87,9
0747,Female,38,87,11
0748,Male,20,87,10
0749,Female,38,87,8
0750,Male,25,87,10
0751,Female,38,87,9
0752,Female,26,87,11
0753,Male,38,87,10
0754,Female,19,88,8
0755,Male,38,88,10
0756,Female,24,88,9
0757,Female,38,88,11
0758,Male,45,88,10
0759,Female,38,88,8
0760,Male,49,88,10
0761,Female,51,89,9
0762,Female,38,89,11
0763,Male,52,89,10
0764,Female,38,89,8
0765,Male,37,89,10
0766,Female,38,89,9
0767,Female,48,89,11
0768,Male,38,89,10
0769,Female,37,90,8
0770,Male,38,90,10
0771,Female,37,90,9
0772,Female,38,90,11
0773,Male,41,90,10
0774,Female,38,90,8
0775,Male,29,90,10
0776,Female,24,91,9
0777,Female,38,91,11
0778,Male,24,91,10
0779,Female,38,91,8
0780,Male,28,91,10
0781,Female,38,91,9
0782,Female,31,91,11
0783,Male,38,91,10
0784,Female,42,92,8
0785,Male,38,92,10
0786,Female,46,92,9
0787,Female,38,92,11
0788,Male,37,92,10
0789,Female,38,92,8
0790,Male,37,92,10
0791,Female,37,93,9
0792,Female,38,93,11
0793,Male,37,93,10
0794,Female,38,93,8
0795,Male,37,93,10
0796,Female,38,93,9
0797,Female,37,93,11
0798,Male,38,93,10
0799,Female,37,94,8
0800,Male,38,94,10
0801,Female,37,94,9
0802,Female,38,94,11
0803,Male,37,94,10
0804,Female,38,94,8
0805,Male,37,94,10
0806,Female,38,94,9
0807,Female,37,94,11
0808,Male,38,94,10
0809,Female,37,95,8
0810,Male,38,95,10
0811,Female,37,95,9
0812,Female,38,95,11
0813,Male,37,95,10
0814,Female,38,95,8
0815,Male,37,95,10
0816,Female,37,96,9
0817,Female,38,96,11
0818,Male,37,96,10
0819,Female,38,96,8
0820,Male,37,96,10
0821,Female,38,96,9
0822,Female,37,96,11
0823,Male,38,96,10
0824,Female,37,97,8
0825,Male,38,97,10
0826,Female,37,97,9
0827,Female,38,97,11
0828,Male,37,97,10
0829,Female,38,97,8
0830,Male,37,97,10
0831,Female,37,98,9
0832,Female,38,98,11
0833,Male,37,98,10
0834,Female,38,98,8
0835,Male,37,98,10
0836,Female,38,98,9
0837,Female,37,98,11
0838,Male,38,98,10
0839,Female,37,99,8
0840,Male,38,99,10
0841,Female,37,99,9
0842,Female,38,99,11
0843,Male,37,99,10
0844,Female,38,99,8
0845,Male,37,99,10
0846,Female,37,100,9
0847,Female,38,100,11
0848,Male,37,100,10
0849,Female,38,100,8
0850,Male,37,100,10
0851,Female,38,100,9
0852,Female,37,100,11
0853,Male,38,100,10
0854,Female,37,101,8
0855,Male,38,101,10
0856,Female,37,101,9
0857,Female,38,101,11
0858,Male,37,101,10
0859,Female,38,101,8
0860,Male,37,101,10
0861,Female,37,102,9
0862,Female,38,102,11
0863,Male,37,102,10
0864,Female,38,102,8
0865,Male,37,102,10
0866,Female,38,102,9
0867,Female,37,102,11
0868,Male,38,102,10
0869,Female,37,103,8
0870,Male,38,103,10
0871,Female,37,103,9
0872,Female,38,103,11
0873,Male,37,103,10
0874,Female,38,103,8
0875,Male,37,103,10
0876,Female,37,104,9
0877,Female,38,104,11
0878,Male,37,104,10
0879,Female,38,104,8
0880,Male,37,104,10
0881,Female,38,104,9
0882,Female,37,104,11
0883,Male,38,104,10
0884,Female,37,105,8
0885,Male,38,105,10
0886,Female,37,105,9
0887,Female,38,105,11
0888,Male,37,105,10
0889,Female,38,105,8
0890,Male,37,105,10
0891,Female,37,106,9
0892,Female,38,106,11
0893,Male,37,106,10
0894,Female,18,106,8
0895,Male,18,106,10
0896,Female,38,106,9
0897,Female,18,106,11
0898,Male,38,106,10
0899,Female,18,107,8
0900,Male,20,107,10
0901,Female,20,107,9
0902,Female,38,107,11
0903,Male,20,107,10
0904,Female,20,107,8
0905,Male,20,107,10
0906,Female,38,107,9
0907,Female,37,107,11
0908,Male,19,107,10
0909,Female,19,108,8
0910,Male,38,108,10
0911,Female,37,108,9
0912,Female,19,108,11
0913,Male,37,108,10
0914,Female,19,108,8
0915,Male,37,108,10
0916,Female,19,109,9
0917,Female,38,109,11
0918,Male,37,109,10
0919,Female,19,109,8
0920,Male,37,109,10
0921,Female,38,109,9
0922,Female,19,109,11
0923,Male,38,109,10
0924,Female,37,110,8
0925,Male,19,110,10
0926,Female,37,110,9
0927,Female,38,110,11
0928,Male,19,110,10
0929,Female,19,110,8
0930,Male,37,110,10
0931,Female,37,111,9
0932,Female,18,111,11
0933,Male,19,111,10
0934,Female,18,111,8
0935,Male,19,111,10
0936,Female,18,111,9
0937,Female,18,111,11
0938,Male,19,111,10
0939,Female,18,112,8
0940,Male,19,112,10
0941,Female,18,112,9
0942,Female,38,112,11
0943,Male,18,112,10
0944,Female,18,112,8
0945,Male,18,112,10
0946,Female,37,113,9
0947,Female,38,113,11
0948,Male,18,113,10
0949,Female,18,113,8
0950,Male,18,113,10
0951,Female,38,113,9
0952,Female,18,113,11
0953,Male,38,113,10
0954,Female,18,114,8
0955,Male,18,114,10
0956,Female,18,114,9
0957,Female,18,114,11
0958,Male,40,114,10
0959,Female,40,114,8
0960,Male,18,114,10
0961,Female,18,115,9
0962,Female,38,115,11
0963,Male,18,115,10
0964,Female,18,115,8
0965,Male,21,115,10
0966,Female,21,115,9
0967,Female,61,115,11
0968,Male,21,115,10
0969,Female,61,116,8
0970,Male,38,116,10
0971,Female,61,116,9
0972,Female,38,116,11
0973,Male,43,116,10
0974,Female,38,116,8
0975,Male,43,116,10
0976,Female,43,117,9
0977,Female,38,117,11
0978,Male,43,117,10
0979,Female,38,117,8
0980,Male,43,117,10
0981,Female,38,117,9
0982,Female,57,117,11
0983,Male,57,117,10
0984,Female,41,118,8
0985,Male,57,118,10
0986,Female,41,118,9
0987,Female,21,118,11
0988,Male,41,118,10
0989,Female,21,118,8
0990,Male,41,118,10
0991,Female,23,119,8
0992,Female,24,120,9
0993,Male,25,121,10
0994,Female,26,122,11
0995,Male,27,123,8
0996,Female,28,124,9
0997,Male,29,125,10
0998,Female,30,126,11
0999,Male,23,127,8
1000,Female,24,128,9
1001,Male,25,129,10
1002,Female,26,130,11
1003,Male,27,131,8
1004,Female,28,132,9
1005,Male,29,133,10
1006,Female,30,134,11
1007,Male,23,135,8
1008,Female,24,136,9
1009,Male,25,137,10
1010,Female,26,138,11
1011,Male,27,139,8
1012,Female,28,140,9
1013,Male,29,141,10
1014,Female,30,142,11
1015,Male,23,143,8
1016,Female,24,144,9
1017,Male,25,145,10
1018,Female,26,119,11
1019,Male,27,120,8
1020,Female,28,121,9
1021,Male,29,122,10
1022,Female,30,123,11
1023,Male,23,124,8
1024,Female,24,125,9
1025,Male,25,126,10
1026,Female,26,127,11
1027,Male,27,128,8
1028,Female,28,129,9
1029,Male,29,130,10
1030,Female,30,131,11
1031,Male,23,132,8
1032,Female,24,133,9
1033,Male,25,134,10
1034,Female,26,135,11
1035,Male,27,136,8
1036,Female,28,137,9
1037,Male,29,138,10
1038,Female,30,139,11
1039,Male,23,140,8
1040,Female,24,141,9
1041,Male,25,142,10
1042,Female,26,143,11
1043,Male,27,144,8
1044,Female,28,145,9
1045,Male,29,146,10
1046,Female,30,119,11
1047,Male,23,120,8
1048,Female,24,121,9
1049,Male,25,122,10
1050,Female,26,123,11
1051,Male,27,124,8
1052,Female,28,125,9
1053,Male,29,126,10
1054,Female,30,127,11
1055,Male,23,128,8
1056,Female,24,129,9
1057,Male,25,130,10
1058,Female,26,131,11
1059,Male,27,132,8
1060,Female,28,133,9
1061,Male,29,134,10
1062,Female,30,135,11
1063,Male,23,136,8
1064,Female,24,137,9
1065,Male,25,138,10
1066,Female,26,139,11
1067,Male,27,140,8
1068,Female,28,141,9
1069,Male,29,142,10
1070,Female,30,143,11
1071,Male,23,144,8
1072,Female,24,145,9
1073,Male,25,146,10
1074,Female,26,119,11
1075,Male,27,120,8
1076,Female,28,121,9
1077,Male,29,122,10
1078,Female,30,123,11
1079,Male,23,124,8
1080,Female,24,125,9
1081,Male,25,126,10
1082,Female,26,127,11
1083,Male,27,128,8
1084,Female,28,129,9
1085,Male,29,130,10
1086,Female,30,131,11
1087,Male,23,132,8
1088,Female,24,133,9
1089,Male,25,134,10
1090,Female,26,135,11
1091,Male,27,136,8
1092,Female,28,137,9
1093,Male,29,138,10
1094,Female,30,139,11
1095,Male,23,140,8
1096,Female,24,141,9
1097,Male,25,142,10
1098,Female,26,143,11
1099,Male,27,144,8
1100,Female,28,145,9
1101,Male,29,146,10
1102,Female,30,119,11
1103,Male,23,120,8
1104,Female,24,121,9
1105,Male,25,122,10
1106,Female,26,123,11
1107,Male,27,124,8
1108,Female,28,125,9
1109,Male,29,126,10
1110,Female,30,127,11
1111,Male,23,128,8
1112,Female,24,129,9
1113,Male,25,130,10
1114,Female,26,131,11
1115,Male,27,132,8
1116,Female,28,133,9
1117,Male,29,134,10
1118,Female,30,135,11
1119,Male,23,136,8
1120,Female,24,137,9
1121,Male,25,138,10
1122,Female,26,139,11
1123,Male,27,140,8
1124,Female,28,141,9
1125,Male,29,142,10
1126,Female,30,143,11
1127,Male,23,144,8
1128,Female,24,145,9
1129,Male,25,146,10
1130,Female,26,119,11
1131,Male,27,120,8
1132,Female,28,121,9
1133,Male,29,122,10
1134,Female,30,123,11
1135,Male,23,124,8
1136,Female,24,125,9
1137,Male,25,126,10
1138,Female,26,127,11
1139,Male,27,128,8
1140,Female,28,129,9
1141,Male,29,130,10
1142,Female,30,131,11
1143,Male,23,132,8
1144,Female,24,133,9
1145,Male,25,134,10
1146,Female,26,135,11
1147,Male,27,136,8
1148,Female,28,137,9
1149,Male,29,138,10
1150,Female,30,139,11
1151,Male,23,140,8
1152,Female,24,141,9
1153,Male,25,142,10
1154,Female,26,143,11
1155,Male,27,144,8
1156,Female,28,145,9
1157,Male,29,146,10
1158,Female,30,119,11
1159,Male,23,120,8
1160,Female,24,121,9
1161,Male,25,122,10
1162,Female,26,123,11
1163,Male,27,124,8
1164,Female,28,125,9
1165,Male,29,126,10
1166,Female,30,127,11
1167,Male,23,128,8
1168,Female,24,129,9
1169,Male,25,130,10
1170,Female,26,131,11
1171,Male,27,132,8
1172,Female,28,133,9
1173,Male,29,134,10
1174,Female,30,135,11
1175,Male,23,136,8
1176,Female,24,137,9
1177,Male,25,138,10
1178,Female,26,139,11
1179,Male,27,140,8
1180,Female,28,141,9
1181,Male,29,142,10
1182,Female,30,143,11
1183,Male,23,144,8
1184,Female,24,145,9
1185,Male,25,146,10
1186,Female,26,119,11
1187,Male,27,120,8
1188,Female,28,121,9
1189,Male,29,122,10
1190,Female,30,123,11
1191,Male,23,124,8
1192,Female,24,125,9
1193,Male,25,126,10
1194,Female,26,127,11
1195,Male,27,128,8
1196,Female,28,129,9
1197,Male,29,130,10
1198,Female,30,131,11
1199,Male,23,132,8
1200,Female,24,133,9